{
  "USSD": [
    {
      "S. No.": 1,
      "Bank Name": "Abhyudaya Co-operative Bank",
      "Short Name": "ACB",
      "Balance check Ussd Code": "*99*87#",
      "IFSC Code": "ABHY"
    },
    {
      "S. No.": 2,
      "Bank Name": "Allahabad Bank",
      "Short Name": "ALB",
      "Balance check Ussd Code": "#99*54#",
      "IFSC Code": "ALLA"
    },
    {
      "S. No.": 3,
      "Bank Name": "Andhra Bank",
      "Short Name": "ANB",
      "Balance check Ussd Code": "*99*59#",
      "IFSC Code": "ANDB"
    },
    {
      "S. No.": 4,
      "Bank Name": "Apna Sahakari Bank",
      "Short Name": "APN",
      "Balance check Ussd Code": "*99*85#",
      "IFSC Code": "ASBL"
    },
    {
      "S. No.": 5,
      "Bank Name": "Axis Bank",
      "Short Name": "AXB",
      "Balance check Ussd Code": "*99*45#",
      "IFSC Code": "UTIB"
    },
    {
      "S. No.": 6,
      "Bank Name": "Bank of Baroda",
      "Short Name": "BOB",
      "Balance check Ussd Code": "*99*48#",
      "IFSC Code": "BARB"
    },
    {
      "S. No.": 7,
      "Bank Name": "Bank of India",
      "Short Name": "BOI",
      "Balance check Ussd Code": "*99*47#",
      "IFSC Code": "BKID"
    },
    {
      "S. No.": 8,
      "Bank Name": "Bank of Maharashtra",
      "Short Name": "BOM",
      "Balance check Ussd Code": "*99*61#",
      "IFSC Code": "MAHB"
    },
    {
      "S. No.": 9,
      "Bank Name": "Bhartiya Mahila Bank",
      "Short Name": "BMB",
      "Balance check Ussd Code": "*99*86#",
      "IFSC Code": "BMBL"
    },
    {
      "S. No.": 10,
      "Bank Name": "Canara Bank",
      "Short Name": "CNB",
      "Balance check Ussd Code": "*99*46#",
      "IFSC Code": "CNRB"
    },
    {
      "S. No.": 11,
      "Bank Name": "Central Bank of India",
      "Short Name": "CBI",
      "Balance check Ussd Code": "*99*51#",
      "IFSC Code": "CBIN"
    },
    {
      "S. No.": 12,
      "Bank Name": "Corporation Bank",
      "Short Name": "CRB",
      "Balance check Ussd Code": "*99*57#",
      "IFSC Code": "CORP"
    },
    {
      "S. No.": 13,
      "Bank Name": "DCB Bank",
      "Short Name": "DCB",
      "Balance check Ussd Code": "*99*65#",
      "IFSC Code": "DCBL"
    },
    {
      "S. No.": 14,
      "Bank Name": "Dena Bank",
      "Short Name": "DNB",
      "Balance check Ussd Code": "*99*78#",
      "IFSC Code": "BKDN"
    },
    {
      "S. No.": 15,
      "Bank Name": "Federal Bank",
      "Short Name": "FBL",
      "Balance check Ussd Code": "*99*72#",
      "IFSC Code": "FDRL"
    },
    {
      "S. No.": 16,
      "Bank Name": "Gujarat State Co-operative Bank",
      "Short Name": "GSC",
      "Balance check Ussd Code": "*99*90#",
      "IFSC Code": "GSCB"
    },
    {
      "S. No.": 17,
      "Bank Name": "Hasti Co-op Bank",
      "Short Name": "HCB",
      "Balance check Ussd Code": "*99*89#",
      "IFSC Code": "HCBL"
    },
    {
      "S. No.": 18,
      "Bank Name": "HDFC Bank",
      "Short Name": "HDF",
      "Balance check Ussd Code": "*99*43#",
      "IFSC Code": "HDFC"
    },
    {
      "S. No.": 19,
      "Bank Name": "ICICI Bank",
      "Short Name": "ICI",
      "Balance check Ussd Code": "*99*44#",
      "IFSC Code": "ICICI"
    },
    {
      "S. No.": 20,
      "Bank Name": "IDBI Bank",
      "Short Name": "IDB",
      "Balance check Ussd Code": "*99*49#",
      "IFSC Code": "IBKL"
    },
    {
      "S. No.": 21,
      "Bank Name": "Indian Bank",
      "Short Name": "INB",
      "Balance check Ussd Code": "*99*58#",
      "IFSC Code": "IDIB"
    },
    {
      "S. No.": 22,
      "Bank Name": "Indian Overseas Bank",
      "Short Name": "IOB",
      "Balance check Ussd Code": "*99*52#",
      "IFSC Code": "IOBA"
    },
    {
      "S. No.": 23,
      "Bank Name": "IndusInd Bank",
      "Short Name": "IIB",
      "Balance check Ussd Code": "*99*69#",
      "IFSC Code": "INDB"
    },
    {
      "S. No.": 24,
      "Bank Name": "ING Vysya Bank",
      "Short Name": "ING",
      "Balance check Ussd Code": "NA",
      "IFSC Code": "VYSA"
    },
    {
      "S. No.": 25,
      "Bank Name": "Janata Sahakari Bank",
      "Short Name": "JSB",
      "Balance check Ussd Code": "*99*81#",
      "IFSC Code": "JSBP"
    },
    {
      "S. No.": 26,
      "Bank Name": "Karnataka Bank",
      "Short Name": "KTB",
      "Balance check Ussd Code": "*99*76#",
      "IFSC Code": "KARB"
    },
    {
      "S. No.": 27,
      "Bank Name": "Karur Vysya Bank",
      "Short Name": "KVB",
      "Balance check Ussd Code": "*99*75#",
      "IFSC Code": "KVBL"
    },
    {
      "S. No.": 28,
      "Bank Name": "Kotak Mahindra Bank",
      "Short Name": "KMB",
      "Balance check Ussd Code": "*99*68#",
      "IFSC Code": "KKBK"
    },
    {
      "S. No.": 29,
      "Bank Name": "Mehsana Urban Co-operative Bank",
      "Short Name": "MUC",
      "Balance check Ussd Code": "*99*82#",
      "IFSC Code": "MSNU"
    },
    {
      "S. No.": 30,
      "Bank Name": "Nainital Bank",
      "Short Name": "NTB",
      "Balance check Ussd Code": "*99*80#",
      "IFSC Code": "NTBL"
    },
    {
      "S. No.": 31,
      "Bank Name": "NKGSB Co-operative Bank",
      "Short Name": "NGB",
      "Balance check Ussd Code": "*99*83#",
      "IFSC Code": "NKGS"
    },
    {
      "S. No.": 32,
      "Bank Name": "Oriental Bank of Commerce",
      "Short Name": "OBC",
      "Balance check Ussd Code": "*99*53#",
      "IFSC Code": "ORBC"
    },
    {
      "S. No.": 33,
      "Bank Name": "Punjab & Maharashtra Co-operative Bank",
      "Short Name": "PMC",
      "Balance check Ussd Code": "*99*88#",
      "IFSC Code": "PMCB"
    },
    {
      "S. No.": 34,
      "Bank Name": "Punjab & Sind Bank",
      "Short Name": "PSB",
      "Balance check Ussd Code": "*99*71#",
      "IFSC Code": "PSIB"
    },
    {
      "S. No.": 35,
      "Bank Name": "Punjab National Bank",
      "Short Name": "PNB",
      "Balance check Ussd Code": "*99*42#",
      "IFSC Code": "PUNB"
    },
    {
      "S. No.": 36,
      "Bank Name": "RBL Bank",
      "Short Name": "RBL",
      "Balance check Ussd Code": "*99*79#",
      "IFSC Code": "RATN"
    },
    {
      "S. No.": 37,
      "Bank Name": "Saraswat Bank",
      "Short Name": "SRC",
      "Balance check Ussd Code": "*99*84#",
      "IFSC Code": "SRCB"
    },
    {
      "S. No.": 38,
      "Bank Name": "State Bank of Bikaner & Jaipur",
      "Short Name": "SBJ",
      "Balance check Ussd Code": "*99*70#",
      "IFSC Code": "SBBJ"
    },
    {
      "S. No.": 39,
      "Bank Name": "State Bank of Hyderabad",
      "Short Name": "SBH",
      "Balance check Ussd Code": "*99*60#",
      "IFSC Code": "SBHY"
    },
    {
      "S. No.": 40,
      "Bank Name": "State Bank of India",
      "Short Name": "SBI",
      "Balance check Ussd Code": "*99*41#",
      "IFSC Code": "SBIN"
    },
    {
      "S. No.": 41,
      "Bank Name": "State Bank of Mysore",
      "Short Name": "SBM",
      "Balance check Ussd Code": "*99*73#",
      "IFSC Code": "SBMY"
    },
    {
      "S. No.": 42,
      "Bank Name": "State Bank of Patiala",
      "Short Name": "SBP",
      "Balance check Ussd Code": "*99*62#",
      "IFSC Code": "STBP"
    },
    {
      "S. No.": 43,
      "Bank Name": "State Bank of Travancore",
      "Short Name": "SBT",
      "Balance check Ussd Code": "*99*67#",
      "IFSC Code": "SBTR"
    },
    {
      "S. No.": 44,
      "Bank Name": "Syndicate Bank",
      "Short Name": "SYB",
      "Balance check Ussd Code": "*99*55#",
      "IFSC Code": "SYNB"
    },
    {
      "S. No.": 45,
      "Bank Name": "Tamilnad Mercantile Bank",
      "Short Name": "TMB",
      "Balance check Ussd Code": "*99*77#",
      "IFSC Code": "TMBL"
    },
    {
      "S. No.": 46,
      "Bank Name": "The South Indian Bank",
      "Short Name": "SIB",
      "Balance check Ussd Code": "*99*74#",
      "IFSC Code": "SIBL"
    },
    {
      "S. No.": 47,
      "Bank Name": "UCO Bank",
      "Short Name": "UCO",
      "Balance check Ussd Code": "*99*56#",
      "IFSC Code": "UCBA"
    },
    {
      "S. No.": 48,
      "Bank Name": "Union Bank of India",
      "Short Name": "UOB",
      "Balance check Ussd Code": "*99*50#",
      "IFSC Code": "UBIN"
    },
    {
      "S. No.": 49,
      "Bank Name": "United Bank of India",
      "Short Name": "UBI",
      "Balance check Ussd Code": "*99*63#",
      "IFSC Code": "UTBI"
    },
    {
      "S. No.": 50,
      "Bank Name": "Vijaya Bank",
      "Short Name": "VJB",
      "Balance check Ussd Code": "*99*64#",
      "IFSC Code": "VIJB"
    },
    {
      "S. No.": 51,
      "Bank Name": "Yes Bank",
      "Short Name": "YBL",
      "Balance check Ussd Code": "*99*66#",
      "IFSC Code": "YESB"
    }
  ]
}